{
    "name": "root",
    "gauges": {
        "EnemyAgent.Policy.Entropy.mean": {
            "value": 0.933772087097168,
            "min": 0.6276403069496155,
            "max": 1.326449990272522,
            "count": 76
        },
        "EnemyAgent.Policy.Entropy.sum": {
            "value": 11493.80078125,
            "min": 7491.4365234375,
            "max": 15190.2880859375,
            "count": 76
        },
        "EnemyAgent.Step.mean": {
            "value": 1199587.0,
            "min": 299235.0,
            "max": 1199587.0,
            "count": 76
        },
        "EnemyAgent.Step.sum": {
            "value": 1199587.0,
            "min": 299235.0,
            "max": 1199587.0,
            "count": 76
        },
        "EnemyAgent.Policy.ExtrinsicValueEstimate.mean": {
            "value": -0.16066990792751312,
            "min": -0.6946310997009277,
            "max": 0.014824756421148777,
            "count": 76
        },
        "EnemyAgent.Policy.ExtrinsicValueEstimate.sum": {
            "value": -3.8560779094696045,
            "min": -14.761995315551758,
            "max": 0.5336912274360657,
            "count": 76
        },
        "EnemyAgent.Environment.EpisodeLength.mean": {
            "value": 723.0588235294117,
            "min": 225.49056603773585,
            "max": 1172.6363636363637,
            "count": 76
        },
        "EnemyAgent.Environment.EpisodeLength.sum": {
            "value": 12292.0,
            "min": 5678.0,
            "max": 13075.0,
            "count": 76
        },
        "EnemyAgent.Environment.CumulativeReward.mean": {
            "value": -2.553214504438288,
            "min": -8.70870748758316,
            "max": -0.2181920606010365,
            "count": 76
        },
        "EnemyAgent.Environment.CumulativeReward.sum": {
            "value": -43.4046465754509,
            "min": -107.27434077858925,
            "max": -9.475549459457397,
            "count": 76
        },
        "EnemyAgent.Policy.ExtrinsicReward.mean": {
            "value": -2.553214504438288,
            "min": -8.70870748758316,
            "max": -0.2181920606010365,
            "count": 76
        },
        "EnemyAgent.Policy.ExtrinsicReward.sum": {
            "value": -43.4046465754509,
            "min": -107.27434077858925,
            "max": -9.475549459457397,
            "count": 76
        },
        "EnemyAgent.IsTraining.mean": {
            "value": 1.0,
            "min": 1.0,
            "max": 1.0,
            "count": 76
        },
        "EnemyAgent.IsTraining.sum": {
            "value": 1.0,
            "min": 1.0,
            "max": 1.0,
            "count": 76
        },
        "EnemyAgent.Losses.PolicyLoss.mean": {
            "value": 0.10372199344696471,
            "min": 0.09036502995069087,
            "max": 0.10650642985512022,
            "count": 73
        },
        "EnemyAgent.Losses.PolicyLoss.sum": {
            "value": 0.10372199344696471,
            "min": 0.09036502995069087,
            "max": 0.10650642985512022,
            "count": 73
        },
        "EnemyAgent.Losses.ValueLoss.mean": {
            "value": 0.05299585470647523,
            "min": 0.015425634438482423,
            "max": 0.1134229221921644,
            "count": 73
        },
        "EnemyAgent.Losses.ValueLoss.sum": {
            "value": 0.05299585470647523,
            "min": 0.015425634438482423,
            "max": 0.1134229221921644,
            "count": 73
        },
        "EnemyAgent.Policy.LearningRate.mean": {
            "value": 8.185997271666668e-07,
            "min": 8.185997271666668e-07,
            "max": 0.00022353477548841665,
            "count": 73
        },
        "EnemyAgent.Policy.LearningRate.sum": {
            "value": 8.185997271666668e-07,
            "min": 8.185997271666668e-07,
            "max": 0.00022353477548841665,
            "count": 73
        },
        "EnemyAgent.Policy.Epsilon.mean": {
            "value": 0.10027283333333335,
            "min": 0.10027283333333335,
            "max": 0.1745115833333333,
            "count": 73
        },
        "EnemyAgent.Policy.Epsilon.sum": {
            "value": 0.10027283333333335,
            "min": 0.10027283333333335,
            "max": 0.1745115833333333,
            "count": 73
        },
        "EnemyAgent.Policy.Beta.mean": {
            "value": 1.2701050000000001e-05,
            "min": 1.2701050000000001e-05,
            "max": 0.0007476646749999999,
            "count": 73
        },
        "EnemyAgent.Policy.Beta.sum": {
            "value": 1.2701050000000001e-05,
            "min": 1.2701050000000001e-05,
            "max": 0.0007476646749999999,
            "count": 73
        }
    },
    "metadata": {
        "timer_format_version": "0.1.0",
        "start_time_seconds": "1741620171",
        "python_version": "3.10.12 | packaged by Anaconda, Inc. | (main, Jul  5 2023, 19:01:18) [MSC v.1916 64 bit (AMD64)]",
        "command_line_arguments": "C:\\Users\\Anthony\\anaconda3\\envs\\mlagents\\Scripts\\mlagents-learn Configs/ppo/EnemyAgent.yaml --run-id=main_enemy_agent_faster_proximity --resume",
        "mlagents_version": "1.1.0",
        "mlagents_envs_version": "1.1.0",
        "communication_protocol_version": "1.5.0",
        "pytorch_version": "2.2.2+cu121",
        "numpy_version": "1.23.5",
        "end_time_seconds": "1741626446"
    },
    "total": 6275.160031400039,
    "count": 1,
    "self": 0.00740189990028739,
    "children": {
        "run_training.setup": {
            "total": 0.07490520004648715,
            "count": 1,
            "self": 0.07490520004648715
        },
        "TrainerController.start_learning": {
            "total": 6275.077724300092,
            "count": 1,
            "self": 8.68684955430217,
            "children": {
                "TrainerController._reset_env": {
                    "total": 11.107310799998231,
                    "count": 1,
                    "self": 11.107310799998231
                },
                "TrainerController.advance": {
                    "total": 6255.217330745887,
                    "count": 908467,
                    "self": 8.650363902328536,
                    "children": {
                        "env_step": {
                            "total": 5188.658614334301,
                            "count": 908467,
                            "self": 2411.948221468716,
                            "children": {
                                "SubprocessEnvManager._take_step": {
                                    "total": 2770.8694640316535,
                                    "count": 908467,
                                    "self": 26.79087599925697,
                                    "children": {
                                        "TorchPolicy.evaluate": {
                                            "total": 2744.0785880323965,
                                            "count": 907035,
                                            "self": 2744.0785880323965
                                        }
                                    }
                                },
                                "workers": {
                                    "total": 5.8409288339316845,
                                    "count": 908467,
                                    "self": 0.0,
                                    "children": {
                                        "worker_root": {
                                            "total": 6250.925100429566,
                                            "count": 908467,
                                            "is_parallel": true,
                                            "self": 4297.6246620398015,
                                            "children": {
                                                "steps_from_proto": {
                                                    "total": 0.002095600008033216,