{
    "name": "root",
    "gauges": {
        "EnemyAgent.Policy.Entropy.mean": {
            "value": 1.3593822717666626,
            "min": 1.322766900062561,
            "max": 1.384940505027771,
            "count": 8
        },
        "EnemyAgent.Policy.Entropy.sum": {
            "value": 16690.49609375,
            "min": 15394.5361328125,
            "max": 17391.78125,
            "count": 8
        },
        "EnemyAgent.Step.mean": {
            "value": 95896.0,
            "min": 11200.0,
            "max": 95896.0,
            "count": 8
        },
        "EnemyAgent.Step.sum": {
            "value": 95896.0,
            "min": 11200.0,
            "max": 95896.0,
            "count": 8
        },
        "EnemyAgent.Policy.ExtrinsicValueEstimate.mean": {
            "value": -0.10692431032657623,
            "min": -0.15346269309520721,
            "max": 0.07824607193470001,
            "count": 8
        },
        "EnemyAgent.Policy.ExtrinsicValueEstimate.sum": {
            "value": -2.031561851501465,
            "min": -2.608865737915039,
            "max": 1.2519371509552002,
            "count": 8
        },
        "EnemyAgent.Environment.EpisodeLength.mean": {
            "value": 1206.090909090909,
            "min": 1206.090909090909,
            "max": 1399.0,
            "count": 8
        },
        "EnemyAgent.Environment.EpisodeLength.sum": {
            "value": 13267.0,
            "min": 11192.0,
            "max": 13267.0,
            "count": 8
        },
        "EnemyAgent.Environment.CumulativeReward.mean": {
            "value": -1.3967426717281342,
            "min": -2.8860998302698135,
            "max": -1.3967426717281342,
            "count": 8
        },
        "EnemyAgent.Environment.CumulativeReward.sum": {
            "value": -13.967426717281342,
            "min": -23.16299819946289,
            "max": -13.967426717281342,
            "count": 8
        },
        "EnemyAgent.Policy.ExtrinsicReward.mean": {
            "value": -1.3967426717281342,
            "min": -2.8860998302698135,
            "max": -1.3967426717281342,
            "count": 8
        },
        "EnemyAgent.Policy.ExtrinsicReward.sum": {
            "value": -13.967426717281342,
            "min": -23.16299819946289,
            "max": -13.967426717281342,
            "count": 8
        },
        "EnemyAgent.IsTraining.mean": {
            "value": 1.0,
            "min": 1.0,
            "max": 1.0,
            "count": 8
        },
        "EnemyAgent.IsTraining.sum": {
            "value": 1.0,
            "min": 1.0,
            "max": 1.0,
            "count": 8
        },
        "EnemyAgent.Losses.PolicyLoss.mean": {
            "value": 0.09819831048867228,
            "min": 0.09048592878052597,
            "max": 0.10354861314250093,
            "count": 7
        },
        "EnemyAgent.Losses.PolicyLoss.sum": {
            "value": 0.09819831048867228,
            "min": 0.09048592878052597,
            "max": 0.10354861314250093,
            "count": 7
        },
        "EnemyAgent.Losses.ValueLoss.mean": {
            "value": 0.002246224360489461,
            "min": 6.201304340349303e-05,
            "max": 0.007238810840716357,
            "count": 7
        },
        "EnemyAgent.Losses.ValueLoss.sum": {
            "value": 0.002246224360489461,
            "min": 6.201304340349303e-05,
            "max": 0.007238810840716357,
            "count": 7
        },
        "EnemyAgent.Policy.LearningRate.mean": {
            "value": 0.00027819550726816667,
            "min": 0.00027819550726816667,
            "max": 0.0002969500010166667,
            "count": 7
        },
        "EnemyAgent.Policy.LearningRate.sum": {
            "value": 0.00027819550726816667,
            "min": 0.00027819550726816667,
            "max": 0.0002969500010166667,
            "count": 7
        },
        "EnemyAgent.Policy.Epsilon.mean": {
            "value": 0.19273183333333338,
            "min": 0.19273183333333338,
            "max": 0.1989833333333333,
            "count": 7
        },
        "EnemyAgent.Policy.Epsilon.sum": {
            "value": 0.19273183333333338,
            "min": 0.19273183333333338,
            "max": 0.1989833333333333,
            "count": 7
        },
        "EnemyAgent.Policy.Beta.mean": {
            "value": 0.0009280451500000001,
            "min": 0.0009280451500000001,
            "max": 0.0009899350000000002,
            "count": 7
        },
        "EnemyAgent.Policy.Beta.sum": {
            "value": 0.0009280451500000001,
            "min": 0.0009280451500000001,
            "max": 0.0009899350000000002,
            "count": 7
        }
    },
    "metadata": {
        "timer_format_version": "0.1.0",
        "start_time_seconds": "1741572924",
        "python_version": "3.10.12 | packaged by Anaconda, Inc. | (main, Jul  5 2023, 19:01:18) [MSC v.1916 64 bit (AMD64)]",
        "command_line_arguments": "C:\\Users\\Anthony\\anaconda3\\envs\\mlagents\\Scripts\\mlagents-learn Configs/ppo/EnemyAgent.yaml --run-id=main_enemy_agent_faster_proximity --force",
        "mlagents_version": "1.1.0",
        "mlagents_envs_version": "1.1.0",
        "communication_protocol_version": "1.5.0",
        "pytorch_version": "2.2.2+cu121",
        "numpy_version": "1.23.5",
        "end_time_seconds": "1741573614"
    },
    "total": 690.2398175999988,
    "count": 1,
    "self": 0.004574199963826686,
    "children": {
        "run_training.setup": {
            "total": 0.07104100001743063,
            "count": 1,
            "self": 0.07104100001743063
        },
        "TrainerController.start_learning": {
            "total": 690.1642024000175,
            "count": 1,
            "self": 1.0155395982437767,
            "children": {
                "TrainerController._reset_env": {
                    "total": 8.892094899958465,
                    "count": 1,
                    "self": 8.892094899958465
                },
                "TrainerController.advance": {
                    "total": 680.1023939017905,
                    "count": 105579,
                    "self": 1.0135077860904858,
                    "children": {
                        "env_step": {
                            "total": 620.2568108015112,
                            "count": 105579,
                            "self": 322.3375198976137,
                            "children": {
                                "SubprocessEnvManager._take_step": {
                                    "total": 297.22188619332155,
                                    "count": 105579,
                                    "self": 3.1346424978692085,
                                    "children": {
                                        "TorchPolicy.evaluate": {
                                            "total": 294.08724369545234,
                                            "count": 105564,
                                            "self": 294.08724369545234
                                        }
                                    }
                                },
                                "workers": {
                                    "total": 0.6974047105759382,
                                    "count": 105578,
                                    "self": 0.0,
                                    "children": {
                                        "worker_root": {
                                            "total": 675.1981996008544,
                                            "count": 105578,
                                            "is_parallel": true,
                                            "self": 410.2008813036955,
                                            "children": {
                                                "steps_from_proto": {
                                                    "total": 0.00036339997313916683,
                                                    "count": 1,