{"count":1,"self":727.1883776,"total":813.8964943,"children":{"InitializeActuators":{"count":5,"self":0.004,"total":0.004,"children":null},"InitializeSensors":{"count":5,"self":0.0050415999999999994,"total":0.0050415999999999994,"children":null},"AgentSendState":{"count":361315,"self":8.4011839999999989,"total":15.5853696,"children":{"CollectObservations":{"count":361211,"self":3.5855479999999997,"total":3.5855477999999996,"children":null},"WriteActionMask":{"count":361211,"self":1.3012215999999999,"total":1.3012215999999999,"children":null},"RequestDecision":{"count":361211,"self":2.2974164,"total":2.2974164,"children":null}}},"DecideAction":{"count":361315,"self":61.4039552,"total":61.403956599999994,"children":null},"AgentAct":{"count":361315,"self":9.7087279999999989,"total":9.7087278,"children":null}},"gauges":{"EnemyAgent.CumulativeReward":{"count":150,"max":-1.99987614,"min":-1.99987614,"runningAverage":-1.99987614,"value":-1.99987614,"weightedAverage":-1.99987614}},"metadata":{"timer_format_version":"0.1.0","start_time_seconds":"1741746852","unity_version":"6000.0.32f1","command_line_arguments":"D:\\Work\\Unity\\6000.0.32f1\\Editor\\Unity.exe -projectpath D:\\Study\\CMPE252\\CMPE252-Project\\UnityProject\\AILearn -useHub -hubIPC -cloudEnvironment production","communication_protocol_version":"1.5.0","com.unity.ml-agents_version":"3.0.0","scene_name":"TestEnvironment","end_time_seconds":"1741747666"}}